IMAGE NAME,URL,KEYWORD
DSC03025.JPG,http://206.189.207.206/pictures/mtop/wild_life_photos/peacock/DSC03025.JPG,Mtop_wild_life_photos_peacock
DSC03026.JPG,http://206.189.207.206/pictures/mtop/wild_life_photos/peacock/DSC03026.JPG,Mtop_wild_life_photos_peacock
DSC03026.png,http://206.189.207.206/pictures/mtop/wild_life_photos/peacock/DSC03026.png,Mtop_wild_life_photos_peacock
DSC03027.JPG,http://206.189.207.206/pictures/mtop/wild_life_photos/peacock/DSC03027.JPG,Mtop_wild_life_photos_peacock
DSC03025.JPG,http://206.189.207.206/pictures/mtop/wild_life_photos/peacock/DSC03025.JPG,Mtop_wild_life_photos_peacock
DSC02996.JPG,http://206.189.207.206/pictures/mtop/wild_life_photos/transport/DSC02996.JPG,Mtop_wild_life_photos_transport
DSC02998.JPG,http://206.189.207.206/pictures/mtop/wild_life_photos/transport/DSC02998.JPG,Mtop_wild_life_photos_transport
DSC02999.JPG,http://206.189.207.206/pictures/mtop/wild_life_photos/transport/DSC02999.JPG,Mtop_wild_life_photos_transport
DSC03000.JPG,http://206.189.207.206/pictures/mtop/wild_life_photos/transport/DSC03000.JPG,Mtop_wild_life_photos_transport
DSC03001.JPG,http://206.189.207.206/pictures/mtop/wild_life_photos/transport/DSC03001.JPG,Mtop_wild_life_photos_transport
DSC03002.JPG,http://206.189.207.206/pictures/mtop/wild_life_photos/transport/DSC03002.JPG,Mtop_wild_life_photos_transport
DSC03003.JPG,http://206.189.207.206/pictures/mtop/wild_life_photos/transport/DSC03003.JPG,Mtop_wild_life_photos_transport
DSC03004.JPG,http://206.189.207.206/pictures/mtop/wild_life_photos/transport/DSC03004.JPG,Mtop_wild_life_photos_transport
DSC03005.JPG,http://206.189.207.206/pictures/mtop/wild_life_photos/transport/DSC03005.JPG,Mtop_wild_life_photos_transport
DSC03006.JPG,http://206.189.207.206/pictures/mtop/wild_life_photos/transport/DSC03006.JPG,Mtop_wild_life_photos_transport
DSC03007.JPG,http://206.189.207.206/pictures/mtop/wild_life_photos/transport/DSC03007.JPG,Mtop_wild_life_photos_transport
DSC03008.JPG,http://206.189.207.206/pictures/mtop/wild_life_photos/transport/DSC03008.JPG,Mtop_wild_life_photos_transport
DSC03029.JPG,http://206.189.207.206/pictures/mtop/wild_life_photos/transport/DSC03029.JPG,Mtop_wild_life_photos_transport
DSC03030.JPG,http://206.189.207.206/pictures/mtop/wild_life_photos/transport/DSC03030.JPG,Mtop_wild_life_photos_transport
DSC03031.JPG,http://206.189.207.206/pictures/mtop/wild_life_photos/transport/DSC03031.JPG,Mtop_wild_life_photos_transport
DSC03032.JPG,http://206.189.207.206/pictures/mtop/wild_life_photos/transport/DSC03032.JPG,Mtop_wild_life_photos_transport
DSC03033.JPG,http://206.189.207.206/pictures/mtop/wild_life_photos/transport/DSC03033.JPG,Mtop_wild_life_photos_transport
DSC03034.JPG,http://206.189.207.206/pictures/mtop/wild_life_photos/transport/DSC03034.JPG,Mtop_wild_life_photos_transport
DSC03035.JPG,http://206.189.207.206/pictures/mtop/wild_life_photos/transport/DSC03035.JPG,Mtop_wild_life_photos_transport
DSC03036.JPG,http://206.189.207.206/pictures/mtop/wild_life_photos/transport/DSC03036.JPG,Mtop_wild_life_photos_transport
DSC03037.JPG,http://206.189.207.206/pictures/mtop/wild_life_photos/transport/DSC03037.JPG,Mtop_wild_life_photos_transport
DSC03038.JPG,http://206.189.207.206/pictures/mtop/wild_life_photos/transport/DSC03038.JPG,Mtop_wild_life_photos_transport
DSC03039.JPG,http://206.189.207.206/pictures/mtop/wild_life_photos/transport/DSC03039.JPG,Mtop_wild_life_photos_transport
DSC03040.JPG,http://206.189.207.206/pictures/mtop/wild_life_photos/transport/DSC03040.JPG,Mtop_wild_life_photos_transport
DSC03325.JPG,http://206.189.207.206/pictures/mtop/wild_life_photos/wildbeast/DSC03325.JPG,Mtop_wild_life_photos_wildbeast
DSC03326.JPG,http://206.189.207.206/pictures/mtop/wild_life_photos/wildbeast/DSC03326.JPG,Mtop_wild_life_photos_wildbeast
DSC03327.JPG,http://206.189.207.206/pictures/mtop/wild_life_photos/wildbeast/DSC03327.JPG,Mtop_wild_life_photos_wildbeast
DSC03328.JPG,http://206.189.207.206/pictures/mtop/wild_life_photos/wildbeast/DSC03328.JPG,Mtop_wild_life_photos_wildbeast
DSC03329.JPG,http://206.189.207.206/pictures/mtop/wild_life_photos/wildbeast/DSC03329.JPG,Mtop_wild_life_photos_wildbeast
DSC03343.JPG,http://206.189.207.206/pictures/mtop/wild_life_photos/wildbeast/DSC03343.JPG,Mtop_wild_life_photos_wildbeast
DSC03380.JPG,http://206.189.207.206/pictures/mtop/wild_life_photos/wildbeast/DSC03380.JPG,Mtop_wild_life_photos_wildbeast
DSC03324.JPG,http://206.189.207.206/pictures/mtop/wild_life_photos/zebra/DSC03324.JPG,Mtop_wild_life_photos_zebra
DSC03356.JPG,http://206.189.207.206/pictures/mtop/wild_life_photos/zebra/DSC03356.JPG,Mtop_wild_life_photos_zebra
DSC03395.JPG,http://206.189.207.206/pictures/mtop/wild_life_photos/zebra/DSC03395.JPG,Mtop_wild_life_photos_zebra
DSC03396.JPG,http://206.189.207.206/pictures/mtop/wild_life_photos/zebra/DSC03396.JPG,Mtop_wild_life_photos_zebra
Frank.jpg,http://206.189.207.206/images/Frank.jpg,Images
Kimori.jpeg,http://206.189.207.206/images/Kimori.jpeg,Images
Lawrence.jpg,http://206.189.207.206/images/Lawrence.jpg,Images
Peter.jpeg,http://206.189.207.206/images/Peter.jpeg,Images
camilus.jpg,http://206.189.207.206/images/camilus.jpg,Images
peter.jpg,http://206.189.207.206/images/peter.jpg,Images
dennis.jpg,http://206.189.207.206/images/dennis.jpg,Images
james.jpg,http://206.189.207.206/images/james.jpg,Images
kaniu.jpeg,http://206.189.207.206/images/kaniu.jpeg,Images
samuel.jpg,http://206.189.207.206/images/samuel.jpg,Images
DJI_1189.JPG,http://206.189.207.206/animation_v/v/img/kaurai/DJI_1189.JPG,Animation_V_V_img_kaurai
DJI_1190.JPG,http://206.189.207.206/animation_v/v/img/kaurai/DJI_1190.JPG,Animation_V_V_img_kaurai
DJI_1191.JPG,http://206.189.207.206/animation_v/v/img/kaurai/DJI_1191.JPG,Animation_V_V_img_kaurai
DJI_1192.JPG,http://206.189.207.206/animation_v/v/img/kaurai/DJI_1192.JPG,Animation_V_V_img_kaurai
DJI_1193.JPG,http://206.189.207.206/animation_v/v/img/kaurai/DJI_1193.JPG,Animation_V_V_img_kaurai
DJI_1194.JPG,http://206.189.207.206/animation_v/v/img/kaurai/DJI_1194.JPG,Animation_V_V_img_kaurai
DJI_1195.JPG,http://206.189.207.206/animation_v/v/img/kaurai/DJI_1195.JPG,Animation_V_V_img_kaurai
DJI_1196.JPG,http://206.189.207.206/animation_v/v/img/kaurai/DJI_1196.JPG,Animation_V_V_img_kaurai
DJI_1197.JPG,http://206.189.207.206/animation_v/v/img/kaurai/DJI_1197.JPG,Animation_V_V_img_kaurai
DJI_1198.JPG,http://206.189.207.206/animation_v/v/img/kaurai/DJI_1198.JPG,Animation_V_V_img_kaurai
DJI_1199.JPG,http://206.189.207.206/animation_v/v/img/kaurai/DJI_1199.JPG,Animation_V_V_img_kaurai
DJI_1200.JPG,http://206.189.207.206/animation_v/v/img/kaurai/DJI_1200.JPG,Animation_V_V_img_kaurai
DJI_1201.JPG,http://206.189.207.206/animation_v/v/img/kaurai/DJI_1201.JPG,Animation_V_V_img_kaurai
DJI_1202.JPG,http://206.189.207.206/animation_v/v/img/kaurai/DJI_1202.JPG,Animation_V_V_img_kaurai
DJI_1203.JPG,http://206.189.207.206/animation_v/v/img/kaurai/DJI_1203.JPG,Animation_V_V_img_kaurai
DJI_1204.JPG,http://206.189.207.206/animation_v/v/img/kaurai/DJI_1204.JPG,Animation_V_V_img_kaurai
DJI_1205.JPG,http://206.189.207.206/animation_v/v/img/kaurai/DJI_1205.JPG,Animation_V_V_img_kaurai
DJI_1206.JPG,http://206.189.207.206/animation_v/v/img/kaurai/DJI_1206.JPG,Animation_V_V_img_kaurai
DJI_1207.JPG,http://206.189.207.206/animation_v/v/img/kaurai/DJI_1207.JPG,Animation_V_V_img_kaurai
DJI_1208.JPG,http://206.189.207.206/animation_v/v/img/kaurai/DJI_1208.JPG,Animation_V_V_img_kaurai
DJI_1209.JPG,http://206.189.207.206/animation_v/v/img/kaurai/DJI_1209.JPG,Animation_V_V_img_kaurai
DJI_1210.JPG,http://206.189.207.206/animation_v/v/img/kaurai/DJI_1210.JPG,Animation_V_V_img_kaurai
DJI_1211.JPG,http://206.189.207.206/animation_v/v/img/kaurai/DJI_1211.JPG,Animation_V_V_img_kaurai
DJI_1212.JPG,http://206.189.207.206/animation_v/v/img/kaurai/DJI_1212.JPG,Animation_V_V_img_kaurai
DJI_1213.JPG,http://206.189.207.206/animation_v/v/img/kaurai/DJI_1213.JPG,Animation_V_V_img_kaurai
DJI_1214.JPG,http://206.189.207.206/animation_v/v/img/kaurai/DJI_1214.JPG,Animation_V_V_img_kaurai
DJI_1215.JPG,http://206.189.207.206/animation_v/v/img/kaurai/DJI_1215.JPG,Animation_V_V_img_kaurai
DJI_1216.JPG,http://206.189.207.206/animation_v/v/img/kaurai/DJI_1216.JPG,Animation_V_V_img_kaurai
DJI_1217.JPG,http://206.189.207.206/animation_v/v/img/kaurai/DJI_1217.JPG,Animation_V_V_img_kaurai
DJI_1218.JPG,http://206.189.207.206/animation_v/v/img/kaurai/DJI_1218.JPG,Animation_V_V_img_kaurai
DJI_1219.JPG,http://206.189.207.206/animation_v/v/img/kaurai/DJI_1219.JPG,Animation_V_V_img_kaurai
DJI_1220.JPG,http://206.189.207.206/animation_v/v/img/kaurai/DJI_1220.JPG,Animation_V_V_img_kaurai
DJI_1221.JPG,http://206.189.207.206/animation_v/v/img/kaurai/DJI_1221.JPG,Animation_V_V_img_kaurai
DJI_1222.JPG,http://206.189.207.206/animation_v/v/img/kaurai/DJI_1222.JPG,Animation_V_V_img_kaurai
DJI_1223.JPG,http://206.189.207.206/animation_v/v/img/kaurai/DJI_1223.JPG,Animation_V_V_img_kaurai
DJI_1224.JPG,http://206.189.207.206/animation_v/v/img/kaurai/DJI_1224.JPG,Animation_V_V_img_kaurai
DJI_1225.JPG,http://206.189.207.206/animation_v/v/img/kaurai/DJI_1225.JPG,Animation_V_V_img_kaurai
DJI_1226.JPG,http://206.189.207.206/animation_v/v/img/kaurai/DJI_1226.JPG,Animation_V_V_img_kaurai
DJI_1227.JPG,http://206.189.207.206/animation_v/v/img/kaurai/DJI_1227.JPG,Animation_V_V_img_kaurai
DJI_1228.JPG,http://206.189.207.206/animation_v/v/img/kaurai/DJI_1228.JPG,Animation_V_V_img_kaurai
DJI_1229.JPG,http://206.189.207.206/animation_v/v/img/kaurai/DJI_1229.JPG,Animation_V_V_img_kaurai
DJI_1230.JPG,http://206.189.207.206/animation_v/v/img/kaurai/DJI_1230.JPG,Animation_V_V_img_kaurai
DJI_1231.JPG,http://206.189.207.206/animation_v/v/img/kaurai/DJI_1231.JPG,Animation_V_V_img_kaurai
DJI_1232.JPG,http://206.189.207.206/animation_v/v/img/kaurai/DJI_1232.JPG,Animation_V_V_img_kaurai
DJI_1233.JPG,http://206.189.207.206/animation_v/v/img/kaurai/DJI_1233.JPG,Animation_V_V_img_kaurai
DJI_1234.JPG,http://206.189.207.206/animation_v/v/img/kaurai/DJI_1234.JPG,Animation_V_V_img_kaurai
DJI_1235.JPG,http://206.189.207.206/animation_v/v/img/kaurai/DJI_1235.JPG,Animation_V_V_img_kaurai
DJI_1236.JPG,http://206.189.207.206/animation_v/v/img/kaurai/DJI_1236.JPG,Animation_V_V_img_kaurai
10.jpg,http://206.189.207.206/animation_v/v/img/misc/10.jpg,Animation_V_V_img_misc
11.jpg,http://206.189.207.206/animation_v/v/img/misc/11.jpg,Animation_V_V_img_misc
12.jpg,http://206.189.207.206/animation_v/v/img/misc/12.jpg,Animation_V_V_img_misc
13.jpg,http://206.189.207.206/animation_v/v/img/misc/13.jpg,Animation_V_V_img_misc
14.jpg,http://206.189.207.206/animation_v/v/img/misc/14.jpg,Animation_V_V_img_misc
15.jpg,http://206.189.207.206/animation_v/v/img/misc/15.jpg,Animation_V_V_img_misc
16.jpg,http://206.189.207.206/animation_v/v/img/misc/16.jpg,Animation_V_V_img_misc
17.jpg,http://206.189.207.206/animation_v/v/img/misc/17.jpg,Animation_V_V_img_misc
18.jpg,http://206.189.207.206/animation_v/v/img/misc/18.jpg,Animation_V_V_img_misc
19.jpg,http://206.189.207.206/animation_v/v/img/misc/19.jpg,Animation_V_V_img_misc
2.jpg,http://206.189.207.206/animation_v/v/img/misc/2.jpg,Animation_V_V_img_misc
20.jpg,http://206.189.207.206/animation_v/v/img/misc/20.jpg,Animation_V_V_img_misc
21.jpg,http://206.189.207.206/animation_v/v/img/misc/21.jpg,Animation_V_V_img_misc
2_1.jpg,http://206.189.207.206/animation_v/v/img/misc/2_1.jpg,Animation_V_V_img_misc
3.jpg,http://206.189.207.206/animation_v/v/img/misc/3.jpg,Animation_V_V_img_misc
4.jpg,http://206.189.207.206/animation_v/v/img/misc/4.jpg,Animation_V_V_img_misc
5.jpg,http://206.189.207.206/animation_v/v/img/misc/5.jpg,Animation_V_V_img_misc
6.jpg,http://206.189.207.206/animation_v/v/img/misc/6.jpg,Animation_V_V_img_misc
7.jpg,http://206.189.207.206/animation_v/v/img/misc/7.jpg,Animation_V_V_img_misc
8.jpg,http://206.189.207.206/animation_v/v/img/misc/8.jpg,Animation_V_V_img_misc
9.jpg,http://206.189.207.206/animation_v/v/img/misc/9.jpg,Animation_V_V_img_misc
DJI_1189.JPG,http://206.189.207.206/animation_v/v/img/misc/DJI_1189.JPG,Animation_V_V_img_misc
DJI_1192.JPG,http://206.189.207.206/animation_v/v/img/misc/DJI_1192.JPG,Animation_V_V_img_misc
default.jpg,http://206.189.207.206/animation_v/v/img/misc/default.jpg,Animation_V_V_img_misc
1.jpg,http://206.189.207.206/animation_v/v/img/sokoto/1.jpg,Animation_V_V_img_sokoto
10.jpg,http://206.189.207.206/animation_v/v/img/sokoto/10.jpg,Animation_V_V_img_sokoto
11.jpg,http://206.189.207.206/animation_v/v/img/sokoto/11.jpg,Animation_V_V_img_sokoto
12.jpg,http://206.189.207.206/animation_v/v/img/sokoto/12.jpg,Animation_V_V_img_sokoto
13.jpg,http://206.189.207.206/animation_v/v/img/sokoto/13.jpg,Animation_V_V_img_sokoto
14.jpg,http://206.189.207.206/animation_v/v/img/sokoto/14.jpg,Animation_V_V_img_sokoto
15.jpg,http://206.189.207.206/animation_v/v/img/sokoto/15.jpg,Animation_V_V_img_sokoto
16.jpg,http://206.189.207.206/animation_v/v/img/sokoto/16.jpg,Animation_V_V_img_sokoto
17.jpg,http://206.189.207.206/animation_v/v/img/sokoto/17.jpg,Animation_V_V_img_sokoto
18.jpg,http://206.189.207.206/animation_v/v/img/sokoto/18.jpg,Animation_V_V_img_sokoto
19.jpg,http://206.189.207.206/animation_v/v/img/sokoto/19.jpg,Animation_V_V_img_sokoto
2.jpg,http://206.189.207.206/animation_v/v/img/sokoto/2.jpg,Animation_V_V_img_sokoto
20.jpg,http://206.189.207.206/animation_v/v/img/sokoto/20.jpg,Animation_V_V_img_sokoto
21.jpg,http://206.189.207.206/animation_v/v/img/sokoto/21.jpg,Animation_V_V_img_sokoto
3.jpg,http://206.189.207.206/animation_v/v/img/sokoto/3.jpg,Animation_V_V_img_sokoto
4.jpg,http://206.189.207.206/animation_v/v/img/sokoto/4.jpg,Animation_V_V_img_sokoto
5.jpg,http://206.189.207.206/animation_v/v/img/sokoto/5.jpg,Animation_V_V_img_sokoto
6.jpg,http://206.189.207.206/animation_v/v/img/sokoto/6.jpg,Animation_V_V_img_sokoto
7.jpg,http://206.189.207.206/animation_v/v/img/sokoto/7.jpg,Animation_V_V_img_sokoto
8.jpg,http://206.189.207.206/animation_v/v/img/sokoto/8.jpg,Animation_V_V_img_sokoto
9.jpg,http://206.189.207.206/animation_v/v/img/sokoto/9.jpg,Animation_V_V_img_sokoto
chama.jpg,http://206.189.207.206/chama/v/images/chama.jpg,chama_V_images
chama_background.jpg,http://206.189.207.206/chama/v/images/chama_background.jpg,chama_V_images
chama_logo.jpg,http://206.189.207.206/chama/v/images/chama_logo.jpg,chama_V_images
illustration.webp,http://206.189.207.206/chama/v/images/illustration.webp,chama_V_images
peter.jpg,http://206.189.207.206/chama/v/images/peter.jpg,chama_V_images
gym.jpg,http://206.189.207.206/jamesKibe/fitPal/images/gym.jpg,jamesKibe_fitPal_images
gym_icon.png,http://206.189.207.206/jamesKibe/fitPal/images/gym_icon.png,jamesKibe_fitPal_images
wallpaper.jpg,http://206.189.207.206/jamesKibe/fitPal/images/wallpaper.jpg,jamesKibe_fitPal_images
weight_lifting_gif.gif,http://206.189.207.206/jamesKibe/fitPal/images/weight_lifting_gif.gif,jamesKibe_fitPal_images
kaniu.jpg,http://206.189.207.206/kentionary/v/images/kaniu.jpg,kentionary_V_images
kenny.png,http://206.189.207.206/kentionary/v/images/kenny.png,kentionary_V_images
kenya-bg.jpg,http://206.189.207.206/kentionary/v/images/kenya-bg.jpg,kentionary_V_images
IMG_20190913_100204_8.jpg,http://206.189.207.206/tracker/portfolio/image/IMG_20190913_100204_8.jpg,tracker_portfolio_image
Isaac.JPG,http://206.189.207.206/tracker/portfolio/image/Isaac.JPG,tracker_portfolio_image
drew.jpg,http://206.189.207.206/tracker/portfolio/image/drew.jpg,tracker_portfolio_image
logo.PNG,http://206.189.207.206/tracker/portfolio/image/logo.PNG,tracker_portfolio_image
me.jpeg,http://206.189.207.206/tracker/portfolio/image/me.jpeg,tracker_portfolio_image
mwaniki.jpg,http://206.189.207.206/tracker/portfolio/image/mwaniki.jpg,tracker_portfolio_image
reece.jpeg,http://206.189.207.206/tracker/portfolio/image/reece.jpeg,tracker_portfolio_image
weru.jpg,http://206.189.207.206/tracker/portfolio/image/weru.jpg,tracker_portfolio_image
frank.jpg,http://206.189.207.206/rentize/v/images/frank.jpg,rentize_V_images
logo.jpg,http://206.189.207.206/rentize/v/images/logo.jpg,rentize_V_images
rentize.jpg,http://206.189.207.206/rentize/v/images/rentize.jpg,rentize_V_images
cms.jpeg,http://206.189.207.206/tracker/timetable/img/cms.jpeg,tracker_timetable_img
content.png,http://206.189.207.206/tracker/timetable/img/content.png,tracker_timetable_img
css.png,http://206.189.207.206/tracker/timetable/img/css.png,tracker_timetable_img
drag.png,http://206.189.207.206/tracker/timetable/img/drag.png,tracker_timetable_img
migration.png,http://206.189.207.206/tracker/timetable/img/migration.png,tracker_timetable_img
processing.jpg,http://206.189.207.206/tracker/timetable/img/processing.jpg,tracker_timetable_img
system.png,http://206.189.207.206/tracker/timetable/img/system.png,tracker_timetable_img
favicon.ico,http://206.189.207.206/tracker/v/images/favicon.ico,tracker_V_images
frank.jpg,http://206.189.207.206/tracker/v/images/frank.jpg,tracker_V_images
html.png,http://206.189.207.206/tracker/v/images/html.png,tracker_V_images
js.png,http://206.189.207.206/tracker/v/images/js.png,tracker_V_images
kotlin.png,http://206.189.207.206/tracker/v/images/kotlin.png,tracker_V_images
md.png,http://206.189.207.206/tracker/v/images/md.png,tracker_V_images
mongodb.png,http://206.189.207.206/tracker/v/images/mongodb.png,tracker_V_images
muli.jpg,http://206.189.207.206/tracker/v/images/muli.jpg,tracker_V_images
mysql.png,http://206.189.207.206/tracker/v/images/mysql.png,tracker_V_images
nodejs.png,http://206.189.207.206/tracker/v/images/nodejs.png,tracker_V_images
php.png,http://206.189.207.206/tracker/v/images/php.png,tracker_V_images
sharonW.jpeg,http://206.189.207.206/tracker/v/images/sharonW.jpeg,tracker_V_images
tracker.png,http://206.189.207.206/tracker/v/images/tracker.png,tracker_V_images
ts.png,http://206.189.207.206/tracker/v/images/ts.png,tracker_V_images
